[{
	"brand": "AGARO",
	"itemcount": "6"
}, {
	"brand": "AMAZON",
	"itemcount": "1"
}, {
	"brand": "AMKETTE",
	"itemcount": "6"
}, {
	"brand": "ANKER",
	"itemcount": "2"
}, {
	"brand": "AOC",
	"itemcount": "2"
}, {
	"brand": "APC",
	"itemcount": "1"
}, {
	"brand": "APPLE",
	"itemcount": "2"
}, {
	"brand": "AQUA SURE",
	"itemcount": "1"
}, {
	"brand": "AQUAGUARD",
	"itemcount": "1"
}, {
	"brand": "AQUASURE",
	"itemcount": "2"
}, {
	"brand": "ASIAPOWER",
	"itemcount": "5"
}, {
	"brand": "ASUS",
	"itemcount": "5"
}, {
	"brand": "AXL",
	"itemcount": "2"
}, {
	"brand": "BAJAJ",
	"itemcount": "10"
}, {
	"brand": "BATTERY",
	"itemcount": "1"
}, {
	"brand": "BEETEL",
	"itemcount": "1"
}, {
	"brand": "BELKIN",
	"itemcount": "0"
}, {
	"brand": "BENRO",
	"itemcount": "4"
}, {
	"brand": "BINATONE",
	"itemcount": "1"
}, {
	"brand": "BLACKBERRY",
	"itemcount": "1"
}, {
	"brand": "BLUE STAR",
	"itemcount": "1"
}, {
	"brand": "BLUESTAR",
	"itemcount": "2"
}, {
	"brand": "BOROSIL",
	"itemcount": "1"
}, {
	"brand": "BPL",
	"itemcount": "2"
}, {
	"brand": "BRAUN",
	"itemcount": "1"
}, {
	"brand": "CAMELION",
	"itemcount": "1"
}, {
	"brand": "CAMERA",
	"itemcount": "1"
}, {
	"brand": "CANON",
	"itemcount": "14"
}, {
	"brand": "CARRIER",
	"itemcount": "1"
}, {
	"brand": "CARVAAN",
	"itemcount": "2"
}]