[{
	"item": "LENS",
	"brand": "CANON",
	"model": "EF50MM",
	"qty": "-1",
	"value": "-6763.32",
	"days": "692"
}, {
	"item": "D / CAMERA",
	"brand": "SONY",
	"model": "ILCE - 5000 L",
	"qty": "1",
	"value": "25931.00",
	"days": "657"
}, {
	"item": "D / CAMERA",
	"brand": "CANON",
	"model": "IXUS185",
	"qty": "1",
	"value": "4839.37",
	"days": "463"
}, {
	"item": "D / CAMERA",
	"brand": "SONY",
	"model": "ILCE5100",
	"qty": "1",
	"value": "27414.00",
	"days": "443"
}, {
	"item": "D / CAMERA",
	"brand": "SONY",
	"model": "ILCA68K / BQIN5",
	"qty": "1",
	"value": "38664.80",
	"days": "421"
}, {
	"item": "D / CAMERA",
	"brand": "SONY",
	"model": "DSCW800",
	"qty": "1",
	"value": "5032.49",
	"days": "407"
}, {
	"item": "D / CAMERA",
	"brand": "SONY",
	"model": "DSCW810",
	"qty": "1",
	"value": "5392.24",
	"days": "407"
}, {
	"item": "D / CAMERA",
	"brand": "CANON",
	"model": "EOS750D18 - 55",
	"qty": "1",
	"value": "34835.95",
	"days": "406"
}]